round,theme,rank,project,composite_score,adopt_priority,recommendation,why_selected
1,策略与授权中枢,1,openfga/openfga,5.40,P0,立即纳入主干并设置灰度+回滚,priority=P0; activity=高活跃; fit=多租户细粒度授权; risk=模型迁移与tuple膨胀
1,策略与授权中枢,2,open-policy-agent/opa,5.20,P0,立即纳入主干并设置灰度+回滚,priority=P0; activity=高活跃; fit=统一策略决策与工具调用门禁; risk=策略复杂度与性能调优成本
1,策略与授权中枢,3,open-policy-agent/gatekeeper,5.20,P0,立即纳入主干并设置灰度+回滚,priority=P0; activity=高活跃; fit=集群合规与高危部署阻断; risk=默认行为变更导致准入漂移
2,观测与评测栈,1,open-telemetry/opentelemetry-specification,5.40,P0,立即纳入主干并设置灰度+回滚,priority=P0; activity=高活跃; fit=统一事件语义与互操作; risk=规范更新与实现差异
2,观测与评测栈,2,open-telemetry/opentelemetry-collector,5.20,P0,立即纳入主干并设置灰度+回滚,priority=P0; activity=高活跃; fit=安全与业务事件汇聚; risk=升级breaking与配置漂移
2,观测与评测栈,3,NVIDIA-NeMo/Guardrails,5.20,P0,立即纳入主干并设置灰度+回滚,priority=P0; activity=高活跃; fit=复杂Agent流程强约束; risk=配置breaking与运行时变更
3,输入防护,1,Azure/PyRIT,5.20,P0,立即纳入主干并设置灰度+回滚,priority=P0; activity=高活跃; fit=企业级安全基线回归; risk=API重构迁移复杂
3,输入防护,2,promptfoo/promptfoo,4.40,P1,纳入次主干，先在业务线试点,priority=P1; activity=高活跃; fit=持续安全回归; risk=线上攻击差异
3,输入防护,3,NVIDIA/garak,4.40,P1,纳入次主干，先在业务线试点,priority=P1; activity=高活跃; fit=高价值链路攻防演练; risk=执行成本较高
4,执行沙箱与运行隔离,1,e2b-dev/E2B,5.40,P0,立即纳入主干并设置灰度+回滚,priority=P0; activity=高活跃; fit=工具执行隔离; risk=边界配置不当风险
4,执行沙箱与运行隔离,2,open-policy-agent/opa,5.20,P0,立即纳入主干并设置灰度+回滚,priority=P0; activity=高活跃; fit=执行面统一策略中心; risk=策略复杂与性能
4,执行沙箱与运行隔离,3,alibaba/OpenSandbox,4.40,P1,纳入次主干，先在业务线试点,priority=P1; activity=中高活跃; fit=企业内部沙箱执行; risk=实践沉淀不足
5,供应链与制品可信,1,anchore/syft,5.40,P0,立即纳入主干并设置灰度+回滚,priority=P0; activity=高活跃; fit=构建产物证据生成; risk=上游识别精度依赖
5,供应链与制品可信,2,sigstore/cosign,5.40,P0,立即纳入主干并设置灰度+回滚,priority=P0; activity=高活跃; fit=部署前签名校验; risk=密钥与流程治理风险
5,供应链与制品可信,3,open-policy-agent/opa,5.20,P0,立即纳入主干并设置灰度+回滚,priority=P0; activity=高活跃; fit=证据驱动部署准入; risk=策略管理复杂
6,工具调用安全,1,open-policy-agent/opa,5.40,P0,立即纳入主干并设置灰度+回滚,priority=P0; activity=高活跃; fit=工具调用前置PDP; risk=策略性能调优
6,工具调用安全,2,openfga/openfga,5.40,P0,立即纳入主干并设置灰度+回滚,priority=P0; activity=高活跃; fit=工具资源细粒度权限; risk=模型演进治理
6,工具调用安全,3,authzed/spicedb,4.40,P1,纳入次主干，先在业务线试点,priority=P1; activity=中高活跃; fit=高并发工具授权检查; risk=运维与成本压力
7,数据与隐私防线,1,microsoft/presidio,5.40,P0,立即纳入主干并设置灰度+回滚,priority=P0; activity=高活跃; fit=输入输出隐私防护; risk=规则维护和语言覆盖
7,数据与隐私防线,2,NVIDIA-NeMo/Guardrails,4.40,P1,纳入次主干，先在业务线试点,priority=P1; activity=高活跃; fit=对话链路PII防护; risk=版本变化与配置演进
7,数据与隐私防线,3,langfuse/langfuse,4.40,P1,纳入次主干，先在业务线试点,priority=P1; activity=高活跃; fit=可观测与回溯; risk=日志脱敏不当风险
8,K8s控制面治理,1,open-policy-agent/gatekeeper,5.40,P0,立即纳入主干并设置灰度+回滚,priority=P0; activity=高活跃; fit=集群准入治理; risk=默认行为变化风险
8,K8s控制面治理,2,sigstore/cosign,5.40,P0,立即纳入主干并设置灰度+回滚,priority=P0; activity=高活跃; fit=制品可信校验; risk=密钥治理风险
8,K8s控制面治理,3,aquasecurity/trivy,4.40,P1,纳入次主干，先在业务线试点,priority=P1; activity=高活跃; fit=镜像与IaC扫描; risk=漏洞噪声阈值
9,红队与攻防演练,1,Azure/PyRIT,5.40,P0,立即纳入主干并设置灰度+回滚,priority=P0; activity=高活跃; fit=高价值链路红队回归; risk=升级迁移成本高
9,红队与攻防演练,2,NVIDIA/garak,4.40,P1,纳入次主干，先在业务线试点,priority=P1; activity=高活跃; fit=攻击面发现; risk=与生产差距
9,红队与攻防演练,3,promptfoo/promptfoo,4.40,P1,纳入次主干，先在业务线试点,priority=P1; activity=高活跃; fit=持续安全回归; risk=样本覆盖风险
10,研发流程集成,1,anchore/syft,5.40,P0,立即纳入主干并设置灰度+回滚,priority=P0; activity=高活跃; fit=制品证据化; risk=识别精度依赖
10,研发流程集成,2,sigstore/cosign,5.40,P0,立即纳入主干并设置灰度+回滚,priority=P0; activity=高活跃; fit=部署前可信校验; risk=密钥流程风险
10,研发流程集成,3,open-policy-agent/opa,5.20,P0,立即纳入主干并设置灰度+回滚,priority=P0; activity=高活跃; fit=统一放行决策; risk=规则治理复杂
11,多租户权限边界,1,openfga/openfga,5.40,P0,立即纳入主干并设置灰度+回滚,priority=P0; activity=高活跃; fit=多租户细粒度访问控制; risk=模型迁移风险
11,多租户权限边界,2,open-policy-agent/opa,5.20,P0,立即纳入主干并设置灰度+回滚,priority=P0; activity=高活跃; fit=跨系统权限合成决策; risk=策略复杂与性能
11,多租户权限边界,3,kyverno/kyverno,4.40,P1,纳入次主干，先在业务线试点,priority=P1; activity=高活跃; fit=平台层策略执行; risk=规则维护
12,稳定性与升级风险,1,open-policy-agent/gatekeeper,5.40,P0,立即纳入主干并设置灰度+回滚,priority=P0; activity=高活跃; fit=集群准入稳定治理; risk=默认行为变更风险
12,稳定性与升级风险,2,open-telemetry/opentelemetry-collector,5.20,P0,立即纳入主干并设置灰度+回滚,priority=P0; activity=高活跃; fit=遥测主干组件治理; risk=breaking升级频繁
12,稳定性与升级风险,3,NVIDIA-NeMo/Guardrails,5.20,P0,立即纳入主干并设置灰度+回滚,priority=P0; activity=高活跃; fit=多代理安全约束; risk=配置breaking风险
13,RAG链路安全,1,Azure/PyRIT,5.20,P0,立即纳入主干并设置灰度+回滚,priority=P0; activity=高活跃; fit=RAG高风险场景评测; risk=迁移复杂
13,RAG链路安全,2,open-policy-agent/opa,5.20,P0,立即纳入主干并设置灰度+回滚,priority=P0; activity=高活跃; fit=高风险输入动态收权; risk=复杂度管理
13,RAG链路安全,3,microsoft/BIPIA,4.40,P1,纳入次主干，先在业务线试点,priority=P1; activity=中高活跃; fit=RAG间接注入回放; risk=生产化改造成本
14,输出安全与执行前校验,1,microsoft/presidio,5.40,P0,立即纳入主干并设置灰度+回滚,priority=P0; activity=高活跃; fit=敏感信息输出拦截; risk=语言覆盖治理
14,输出安全与执行前校验,2,open-policy-agent/opa,5.20,P0,立即纳入主干并设置灰度+回滚,priority=P0; activity=高活跃; fit=最终放行决策; risk=策略复杂
14,输出安全与执行前校验,3,guardrails-ai/guardrails,4.40,P1,纳入次主干，先在业务线试点,priority=P1; activity=中高活跃; fit=执行前结构与规则校验; risk=误拒绝成本
15,审计与事件链路,1,open-telemetry/opentelemetry-specification,5.40,P0,立即纳入主干并设置灰度+回滚,priority=P0; activity=高活跃; fit=事件语义统一; risk=规范更新同步成本
15,审计与事件链路,2,open-telemetry/opentelemetry-collector,5.40,P0,立即纳入主干并设置灰度+回滚,priority=P0; activity=高活跃; fit=审计链路汇聚; risk=配置升级风险
15,审计与事件链路,3,open-policy-agent/opa,5.40,P0,立即纳入主干并设置灰度+回滚,priority=P0; activity=高活跃; fit=决策可解释与追责; risk=性能开销
16,生态成熟度,1,open-policy-agent/gatekeeper,5.40,P0,立即纳入主干并设置灰度+回滚,priority=P0; activity=高活跃; fit=集群治理优选; risk=默认行为变更
16,生态成熟度,2,sigstore/cosign,5.40,P0,立即纳入主干并设置灰度+回滚,priority=P0; activity=高活跃; fit=制品可信底座; risk=密钥流程治理
16,生态成熟度,3,open-telemetry/opentelemetry-collector,5.40,P0,立即纳入主干并设置灰度+回滚,priority=P0; activity=高活跃; fit=遥测底座; risk=升级兼容
17,实施复杂度,1,open-policy-agent/opa,5.40,P0,立即纳入主干并设置灰度+回滚,priority=P0; activity=高活跃; fit=统一策略治理; risk=策略工程能力要求高
17,实施复杂度,2,sigstore/cosign,5.40,P0,立即纳入主干并设置灰度+回滚,priority=P0; activity=高活跃; fit=发布签名门禁; risk=密钥与流程治理
17,实施复杂度,3,openfga/openfga,4.40,P1,纳入次主干，先在业务线试点,priority=P1; activity=高活跃; fit=长期细粒度授权; risk=迁移与治理成本
18,风险暴露面,1,NVIDIA-NeMo/Guardrails,5.40,P0,立即纳入主干并设置灰度+回滚,priority=P0; activity=高活跃; fit=对话与工具安全控制; risk=配置变更外溢
18,风险暴露面,2,open-telemetry/opentelemetry-collector,5.40,P0,立即纳入主干并设置灰度+回滚,priority=P0; activity=高活跃; fit=审计与监控汇聚; risk=升级导致链路抖动
18,风险暴露面,3,open-policy-agent/gatekeeper,5.40,P0,立即纳入主干并设置灰度+回滚,priority=P0; activity=高活跃; fit=集群准入基线; risk=默认值变更外溢
19,适用场景细分,1,openfga/openfga,5.40,P0,立即纳入主干并设置灰度+回滚,priority=P0; activity=高活跃; fit=跨租户细粒度授权; risk=模型迁移风险
19,适用场景细分,2,open-policy-agent/opa,5.40,P0,立即纳入主干并设置灰度+回滚,priority=P0; activity=高活跃; fit=跨系统策略中枢; risk=策略复杂治理
19,适用场景细分,3,sigstore/cosign,5.40,P0,立即纳入主干并设置灰度+回滚,priority=P0; activity=高活跃; fit=发布可信门禁; risk=密钥治理风险
20,综合推荐组合,1,open-policy-agent/gatekeeper,5.60,P0,立即纳入主干并设置灰度+回滚,priority=P0; activity=高活跃; fit=集群准入硬门槛; risk=默认行为变更风险
20,综合推荐组合,2,openfga/openfga,5.40,P0,立即纳入主干并设置灰度+回滚,priority=P0; activity=高活跃; fit=多租户资源边界; risk=模型演进风险
20,综合推荐组合,3,sigstore/cosign,5.40,P0,立即纳入主干并设置灰度+回滚,priority=P0; activity=高活跃; fit=发布前验签门禁; risk=密钥流程风险
