repo,category,relevance,stars_estimate,activity_estimate,license,risk,why_relevant,url
langchain-ai/langchain,Agent Framework Core,High,128718,Very High,MIT,Medium,"Agent engineering baseline; rich integrations and ecosystem gravity useful for OwlClaw compatibility and adapter strategy.","https://api.github.com/repos/langchain-ai/langchain"
microsoft/autogen,Multi-Agent Framework,High,55346,High,CC-BY-4.0,High,"Strong multi-agent patterns and orchestration abstractions, but license fit must be reviewed before deep code reuse.","https://api.github.com/repos/microsoft/autogen"
crewAIInc/crewAI,Role-based Agent Orchestration,High,45550,Very High,MIT,Medium,"Production-style role/crew orchestration maps to task routing and planner-worker design in Agent infra.","https://api.github.com/repos/crewAIInc/crewAI"
run-llama/llama_index,RAG + Agent Data Layer,High,47503,High,MIT,Medium,"Document agent + retrieval stack indicates data-connect layer patterns OwlClaw can adopt for context pipelines.","https://api.github.com/repos/run-llama/llama_index"
microsoft/semantic-kernel,Enterprise Agent SDK,Medium,27395,High,MIT,Medium,"Useful for enterprise plugin/memory abstractions and polyglot SDK posture; good reference for stable API contracts.","https://api.github.com/repos/microsoft/semantic-kernel"
modelcontextprotocol/modelcontextprotocol,Protocol Spec (MCP),High,7431,High,NOASSERTION,High,"Protocol-level standardization is strategic for tool interoperability and marketplace-style server ecosystem.","https://api.github.com/repos/modelcontextprotocol/modelcontextprotocol"
modelcontextprotocol/servers,MCP Server Implementations,High,80566,High,NOASSERTION,High,"Large reference server set accelerates OwlClaw connector bootstrap, but mixed licensing requires per-server governance.","https://api.github.com/repos/modelcontextprotocol/servers"
modelcontextprotocol/typescript-sdk,MCP Client/Server SDK,High,11794,Very High,NOASSERTION,High,"Official SDK offers fastest path to MCP-native client/server support in TS stacks.","https://api.github.com/repos/modelcontextprotocol/typescript-sdk"
BerriAI/litellm,LLM Gateway / Routing,High,38302,Very High,NOASSERTION,High,"Model routing, fallback, and cost controls are directly useful for OwlClaw runtime policy and provider abstraction.","https://api.github.com/repos/BerriAI/litellm"
vllm-project/vllm,Inference Runtime,Medium,72505,Very High,Apache-2.0,Medium,"High-throughput serving matters when Agent infra needs self-hosted or dedicated inference capacity.","https://api.github.com/repos/vllm-project/vllm"
huggingface/text-generation-inference,Inference Serving Stack,Medium,10796,Medium,Apache-2.0,Low,"Mature serving architecture and ops patterns are relevant for backend inference plane choices.","https://api.github.com/repos/huggingface/text-generation-inference"
OpenHands/OpenHands,Coding Agent Platform,High,68790,Very High,NOASSERTION,High,"Open coding-agent workflows provide implementation signals for planning/execution loops and sandbox ergonomics.","https://api.github.com/repos/OpenHands/OpenHands"
continuedev/continue,IDE + CI Agent Workflow,High,31733,Very High,Apache-2.0,Medium,"Source-controlled AI checks and IDE integration are directly translatable to OwlClaw developer experience.","https://api.github.com/repos/continuedev/continue"
Aider-AI/aider,Terminal Coding Agent,Medium,41668,High,Apache-2.0,Medium,"CLI-first coding loop and quick feedback patterns can inform lightweight local-agent interfaces.","https://api.github.com/repos/Aider-AI/aider"
langfuse/langfuse,LLM Observability Platform,High,22863,Very High,NOASSERTION,High,"Tracing/eval/prompt lifecycle management is core to operating reliable Agent infrastructure.","https://api.github.com/repos/langfuse/langfuse"
Arize-ai/phoenix,LLM Eval + Observability,Medium,8786,Very High,NOASSERTION,High,"Deep eval tooling helps quality gates for agent actions and retrieval chains.","https://api.github.com/repos/Arize-ai/phoenix"
comet-ml/opik,LLM Tracing & Eval,Medium,18108,Very High,Apache-2.0,Medium,"Strong open-source observability/eval option for measurable agent quality and regression testing.","https://api.github.com/repos/comet-ml/opik"
promptfoo/promptfoo,Prompt/Agent Security Testing,High,10894,Very High,MIT,Low,"Red-teaming and CI testing align with pre-release safety gates for OwlClaw actions and prompts.","https://api.github.com/repos/promptfoo/promptfoo"
deepset-ai/haystack,Agent/RAG Orchestration,Medium,24435,Very High,Apache-2.0,Low,"Pipeline orchestration and explicit retrieval control are useful design references for modular agent graphs.","https://api.github.com/repos/deepset-ai/haystack"
open-telemetry/opentelemetry-collector,Weakly Related: Observability Backbone,Medium,6698,High,Apache-2.0,Low,"Weak but important link: Agent systems need vendor-neutral traces/metrics; OTel collector is the de-facto telemetry transport layer.","https://api.github.com/repos/open-telemetry/opentelemetry-collector"
